* ******************************************************************************

* iCEcube Pin Table

* Version:            2017.08.27940

* Build Date:         Sep 11 2017 16:52:36

* File Generated:     Jun 9 2018 19:50:39

* Purpose:            Detailed IO and package pin info

* Copyright (C) 2006-2010 by Lattice Semiconductor Corp. All rights reserved.

* ******************************************************************************

Device, iCE5LP4K
Package, SWG36

Pin Number, Pin Type Name, Signal Name, Direction, Global Buffer, IO Standard, Pull Up, IO Function, IO Bank, Glitch Logic 
---------------, ---------------, ---------------, ---------------, ---------------, ---------------, ---------------, ---------------, ---------------, ---------------, 
A1, VSSIO_LED, not used, , , , , , topBank
A2, PIO_LED, not used, , , , , , topBank
A3, GND, not used, , , , , , UnknownBank
A4, VCCIO_0, not used, , , , , , topBank
A5, VCC, not used, , , , , , UnknownBank
A6, PIO_RGB, o_blueLED, Output, ,SB_LVCMOS, No Pull Up, , RGB2 Output, topBank
B1, PIO, not used, , , , , , bottomBank
B2, PIO, i_MICO8_UART_RX, Input, , SB_LVCMOS, No Pull Up, Simple Input, bottomBank
B3, AVDD_TOP, not used, , , , , , UnknownBank
B4, PIO, not used, , , , , , bottomBank
B5, PIO_GBIN, not used, , , , , , topBank
B6, PIO_RGB, o_greenLED, Output, ,SB_LVCMOS, No Pull Up, , RGB1 Output, topBank
C1, PIO, not used, , , , , , bottomBank
C2, PIO_GBIN, not used, , , , , , bottomBank
C3, VDDIO_SPI, not used, , , , , , bottomBank
C4, VCCIO_2, not used, , , , , , bottomBank
C5, GND, not used, , , , , , UnknownBank
C6, PIO_RGB, o_redLED, Output, ,SB_LVCMOS, No Pull Up, , RGB0 Output, topBank
D1, SPI_SI, not used, , , , , , bottomBank
D2, PIO, o_MICO8_UART_TX, Output, , SB_LVCMOS, No Pull Up, Output Tristatable by Enable, bottomBank, o_MICO8_UART_TX_obufLegalizeSB_DFF(20:1:0) -> D2(20:0:1)
D3, CRESET_B, not used, , , , , , bottomBank
D4, VPP, not used, , , , , , topBank
D5, PIO, not used, , , , , , bottomBank
D6, PIO, not used, , , , , , bottomBank
E1, SPI_SCK, not used, , , , , , bottomBank
E2, PIO, not used, , , , , , bottomBank
E3, PIO, not used, , , , , , bottomBank
E4, PIO_GBIN_CDONE, not used, , , , , , bottomBank
E5, PIO, i_BLE_UART_RX, Input, , SB_LVCMOS, No Pull Up, Simple Input, bottomBank
E6, PIO_GBIN, not used, , , , , , bottomBank
F1, SPI_SS_B, not used, , , , , , bottomBank
F2, SPI_SO, not used, , , , , , bottomBank
F3, PIO, not used, , , , , , bottomBank
F4, PIO_GBIN, i_clock, Input, glb Buff, SB_LVCMOS, No Pull Up, Simple Input, bottomBank
F5, PIO, o_BLE_UART_TX, Output, , SB_LVCMOS, No Pull Up, Output Tristatable by Enable, bottomBank, o_BLE_UART_TX_obufLegalizeSB_DFF(7:1:0) -> F5(8:0:0)
F6, PIO, not used, , , , , , bottomBank
Total Number of Used Pins, 8
