<?xml version="1.0" encoding="utf-8"?> 
<!-- 
  Synopsys, Inc.
  Version M-2017.03L-SP1-1
  Project file C:\Users\Suhail\Downloads\DSITXMachXO2RGB6661lane (1)\Parallel2DSI_RD1184_RGB666_1lane_V2\impl\Parallel2MIPI\syntmp\run_option.xml
  Written on Mon Jun 18 14:05:52 2018


--> 
<project_attribute_list name="Project Settings"> 
     <option name="project_name" display_name="Project Name">proj_1</option>
     <option name="device_name" display_name="Device Name">Parallel2MIPI: Lattice MachXO2 : LCMXO2_2000ZE</option>
     <option name="impl_name" display_name="Implementation Name">Parallel2MIPI</option>
     <option name="top_module" display_name="Top Module">top</option>
     <option name="pipe" display_name="Pipelining">0</option>
     <option name="retiming" display_name="Retiming">0</option>
     <option name="resource_sharing" display_name="Resource Sharing">1</option>
     <option name="maxfan" display_name="Fanout Guide">100</option>
     <option name="disable_io_insertion" display_name="Disable I/O Insertion">0</option>
     <option name="no_sequential_opt" display_name="Disable Sequential Optimizations">0</option>
     <option name="fix_gated_and_generated_clocks" display_name="Clock Conversion">1</option>
     <option name="symbolic_fsm_compiler" display_name="FSM Compiler">1</option>
</project_attribute_list>

